1,A,A,СЕЛСКО ГОРСКО И РИБНО СТОПАНСТВО,0
2,1,1,Растениевъдство животновъдство и лов спомагателни дейности,1
3,01.1,11,Отглеждане на едногодишни растения,11
4,01.11,111,Отглеждане на зърнени без ориз и бобови растения и маслодайни семена,111
5,01.12,112,Отглеждане на ориз,112
6,01.13,113,Отглеждане на зеленчуци дини и пъпеши кореноплодни и грудкови,113
7,01.14,114,Отглеждане на захарна тръстика,114
8,01.15,115,Отглеждане на тютюн,115
9,01.16,116,Отглеждане на влакнодайни растения,116
10,01.19,119,Отглеждане на други едногодишни растения,119
11,01.2,12,Отглеждане на многогодишни насаждения,12
12,01.21,121,Отглеждане на грозде,121
13,01.22,122,Отглеждане на тропични и субтропични плодове,122
14,01.23,123,Отглеждане на цитрусови плодове,123
15,01.24,124,Отглеждане на семкови и костилкови плодове,124
16,01.25,125,Отглеждане на черупкови ягодоплодни и други плодове,125
17,01.26,126,Отглеждане на маслосъдържащи плодове,126
18,01.27,127,Отглеждане на растения за напитки,127
19,01.28,128,Отглеждане на подправки етеричномаслени и лечебни растения,128
20,01.29,129,Отглеждане на други многогодишни насаждения,129
21,01.3,13,Дейности на разсадници без горските,13
22,01.30,130,Дейности на разсадници без горските,130
23,01.4,14,Животновъдство,14
24,01.41,141,Отглеждане на едър рогат добитък с млечно направление,141
25,01.42,142,Отглеждане на едър рогат добитък с друго направление,142
26,01.43,143,Отглеждане на коне магарета мулета и катъри,143
27,01.44,144,Отглеждане на камили лами и подобни животни,144
28,01.45,145,Отглеждане на дребен рогат добитък,145
29,01.46,146,Отглеждане на свине,146
30,01.47,147,Отглеждане на домашни птици,147
31,01.49,149,Отглеждане на други животни,149
32,01.5,15,Комбинирано растениевъдно животновъдно стопанствово,15
33,01.50,150,Комбинирано растениевъдно животновъдно стопанство,150
34,01.6,16,Спомагателни дейности в селското стопанство,16
35,01.61,161,Спомагателни дейности в растениевъдството,161
36,01.62,162,Спомагателни дейности в животновъдството,162
37,01.63,163,Дейности след прибиране на реколтата,163
38,01.64,164,Обработка на семена за посев,164
39,01.7,17,Лов и спомагателни дейности,17
40,01.70,170,Лов и спомагателни дейности,170
41,2,2,Горско стопанство,2
42,02.1,21,Възпроизводство на гори,21
43,02.10,210,Възпроизводство на гори,210
44,02.2,22,Дърводобив,22
45,02.20,220,Дърводобив,220
46,02.3,23,Събиране на диворастящи и недървесни продукти,23
47,02.30,230,Събиране на диворастящи и недървесни продукти,230
48,02.4,24,Спомагателни дейности в горското стопанство,24
49,02.40,240,Спомагателни дейности в горското стопанство,240
50,3,3,Рибно стопанство,3
51,03.1,31,Риболов,31
52,03.11,311,Океански и морски риболов,311
53,03.12,312,Сладководен риболов,312
54,03.2,32,Развъждане и отглеждане на риба и други водни организми,32
55,03.21,321,Развъждане и отглеждане на риба и други водни организми в солени басейни,321
56,03.22,322,Развъждане и отглеждане на риба и други водни организми в сладководни басейни,322
57,B,B,ДОБИВНА ПРОМИШЛЕНОСТ,0
58,5,5,Добив на въглища,5
59,05.1,51,Добив на антрацитни и черни въглища,51
60,05.10,510,Добив на антрацитни и черни въглища,510
61,05.2,52,Добив на кафяви и лигнитни въглища,52
62,05.20,520,Добив на кафяви и лигнитни въглища,520
63,6,6,Добив на нефт и природен газ,6
64,06.1,61,Добив на нефт,61
65,06.10,610,Добив на нефт,610
66,06.2,62,Добив на природен газ,62
67,06.20,620,Добив на природен газ,620
68,7,7,Добив на метални руди,7
69,07.1,71,Добив на железни руди,71
70,07.10,710,Добив на железни руди,710
71,07.2,72,Добив на уранови ториеви и руди на цветни метали,72
72,07.21,721,Добив на уранови и ториеви руди,721
73,07.29,729,Добив на руди на цветни метали,729
74,8,8,Добив на неметални материали и суровини,8
75,08.1,81,Добив на скални материали пясък и глина,81
76,08.11,811,Добив на строителни и декоративни скални материали варовик суров гипс креда доломит и шисти,811
77,08.12,812,Добив на трошен камък чакъл и пясък добив на глина и каолин,812
78,08.9,89,Добив на други неметални материали и суровини,89
79,08.91,891,Добив на минерални суровини за химическото производство и на естествени торове,891
80,08.92,892,Добив на торф,892
81,08.93,893,Добив на сол,893
82,08.99,899,Добив на други неметални материали и суровини некласифицирани другаде,899
83,9,9,Спомагателни дейности в добива,9
84,09.1,91,Спомагателни дейности в добива на нефт и природен газ,91
85,09.10,910,Спомагателни дейности в добива на нефт и природен газ,910
86,09.9,99,Спомагателни дейности в добива без добива на нефт и природен газ,99
87,09.90,990,Спомагателни дейности в добива без добива на нефт и природен газ,990
88,C,C,ПРЕРАБОТВАЩА ПРОМИШЛЕНОСТ,0
89,10,10,Производство на хранителни продукти,10
90,10.1,101,Производство и преработка на месо производство на месни продукти без готови ястия,101
91,10.11,1011,Производство и преработка на месо без месо от домашни птици,1011
92,10.12,1012,Производство и преработка на месо от домашни птици,1012
93,10.13,1013,Производство на месни продукти без готови  ястия,1013
94,10.2,102,Преработка и консервиране на риба и други водни животни без готови ястия,102
95,10.20,1020,Преработка и консервиране на риба и други водни животни без готови ястия,1020
96,10.3,103,Преработка и консервиране на плодове и зеленчуци без готови  ястия,103
97,10.31,1031,Преработка и консервиране на картофи,1031
98,10.32,1032,Производство на плодови и зеленчукови сокове,1032
99,10.39,1039,Преработка и консервиране на други плодове и зеленчуци без готови  ястия,1039
100,10.4,104,Производство на растителни и животински масла и мазнини,104
101,10.41,1041,Производство на растителни и животински масла и мазнини без маргарин,1041
102,10.42,1042,Производство на маргарин и подобни хранителни мазнини,1042
103,10.5,105,Производство на мляко и млечни продукти,105
104,10.51,1051,Производство на мляко и млечни продукти без сладолед,1051
105,10.52,1052,Производство на сладолед,1052
106,10.6,106,Производство на мелничарски продукти нишесте и нишестени продукти,106
107,10.61,1061,Производство на мелничарски продукти,1061
108,10.62,1062,Производство на нишесте и нишестени продукти,1062
109,10.7,107,Производство на хлебни и тестени изделия,107
110,10.71,1071,Производство на хляб хлебни и пресни сладкарски изделия,1071
111,10.72,1072,Производство на сухари бисквити и сухи сладкарски изделия,1072
112,10.73,1073,Производство на макарони юфка кус кус и подобни макаронени изделия,1073
113,10.8,108,Производство на други хранителни продукти,108
114,10.81,1081,Производство на захар,1081
115,10.82,1082,Производство на какао шоколадови и захарни изделия,1082
116,10.83,1083,Преработка на кафе и чай,1083
117,10.84,1084,Производство на хранителни подправки и овкусители,1084
118,10.85,1085,Производство на готови  ястия,1085
119,10.86,1086,Производство на детски диетични и други хомогенизирани храни,1086
120,10.89,1089,Производство на други хранителни продукти некласифицирани другаде,1089
121,10.9,109,Производство на готови храни за животни,109
122,10.91,1091,Производство на готови храни фуражи за селскостопански животни,1091
123,10.92,1092,Производство на готови храни за домашни любимци,1092
124,11,11,Производство на напитки,11
125,11.0,110,Производство на напитки,110
126,11.01,1101,Производство на спиртни напитки,1101
127,11.02,1102,Производство на вина от грозде,1102
128,11.03,1103,Производство на други ферментирали напитки,1103
129,11.04,1104,Производство на други недестилирани алкохолни напитки,1104
130,11.05,1105,Производство на пиво,1105
131,11.06,1106,Производство на малц,1106
132,11.07,1107,Производство на безалкохолни напитки минерални и други бутилирани води,1107
133,12,12,Производство на тютюневи изделия,12
134,12.0,120,Производство на тютюневи изделия,120
135,12.00,1200,Производство на тютюневи изделия,1200
136,13,13,Производство на текстил и изделия от текстил без облекло,13
137,13.1,131,Подготовка и предене на текстилни влакна,131
138,13.10,1310,Подготовка и предене на текстилни влакна,1310
139,13.2,132,Производство на тъкани,132
140,13.20,1320,Производство на тъкани,1320
141,13.3,133,Облагородяване на прежди платове и облекло,133
142,13.30,1330,Облагородяване на прежди платове и облекло,1330
143,13.9,139,Производство на други текстилни изделия,139
144,13.91,1391,Производство на плетени платове,1391
145,13.92,1392,Производство на конфекционирани текстилни изделия без облекло,1392
146,13.93,1393,Производство на килими и текстилни подови настилки,1393
147,13.94,1394,Производство на канапи въжета мрежи и изделия от тях,1394
148,13.95,1395,Производство на нетъкани текстилни изделия без облекло,1395
149,13.96,1396,Производство на други текстилни изделия за техническа и производствена употреба,1396
150,13.99,1399,Производство на други текстилни изделия некласифицирани другаде,1399
151,14,14,Производство на облекло,14
152,14.1,141,Производство на облекло без кожухарско,141
153,14.11,1411,Производство на облекло от обработени меки кожи,1411
154,14.12,1412,Производство на работно облекло,1412
155,14.13,1413,Производство на горно облекло без работно,1413
156,14.14,1414,Производство на долно облекло,1414
157,14.19,1419,Производство на друго облекло и допълнения за облекло,1419
158,14.2,142,Производство на облекло и изделия от кожухарски кожи,142
159,14.20,1420,Производство на облекло и изделия от кожухарски кожи,1420
160,14.3,143,Производство на други трикотажни изделия,143
161,14.31,1431,Производство на чорапи и чорапогащи,1431
162,14.39,1439,Производство на класически машинно или ръчно плетени пуловери жилетки и други подобни изделия,1439
163,15,15,Обработка на кожи производство на обувки и други изделия от обработени кожи без косъм,15
164,15.1,151,Обработка на кожи производство на изделия за пътуване и сарашки изделия,151
165,15.11,1511,Обработка на кожи без косъм обработка и багрене на кожухарски кожи,1511
166,15.12,1512,Производство на куфари чанти и други изделия за пътуване сарашки и седларски изделия,1512
167,15.2,152,Производство на обувки,152
168,15.20,1520,Производство на обувки,1520
169,16,16,Производство на дървен материал и изделия от дървен материал и корк без мебели производство на изделия от,16
170,16.1,161,Разкрояване рендосване и импрегниране на дървен материал,161
171,16.10,1610,Разкрояване рендосване и импрегниране на дървен материал,1610
172,16.2,162,Производство на изделия от дървен материал корк слама и материали за плетене,162
173,16.21,1621,Производство на фурнир и дървесни плочи,1621
174,16.22,1622,Производство на сглобени паркетни плочи,1622
175,16.23,1623,Производство на дограма и други изделия от дървен материал за строителството,1623
176,16.24,1624,Производство на опаковки от дървен материал,1624
177,16.29,1629,Производство на други изделия от дървен материал производство на изделия от корк слама и материали за плет,1629
178,17,17,Производство на хартия картон и изделия от хартия и картон,17
179,17.1,171,Производство на влакнести полуфабрикати хартия и картон,171
180,17.11,1711,Производство на влакнести полуфабрикати,1711
181,17.12,1712,Производство на хартия и картон,1712
182,17.2,172,Производство на изделия от хартия и картон,172
183,17.21,1721,Производство на вълнообразен картон и опаковки от хартия и картон,1721
184,17.22,1722,Производство на домакински санитарно хигиенни и тоалетни изделия от хартия и картон,1722
185,17.23,1723,Производство на канцеларски материали от хартия и картон,1723
635,49.5,495,Тръбопроводен транспорт,495
186,17.24,1724,Производство на тапети и подобни стенни облицовки,1724
187,17.29,1729,Производство на други изделия от хартия и картон,1729
188,18,18,Печатна дейност и възпроизвеждане на записани носители,18
189,18.1,181,Печатна дейност,181
190,18.11,1811,Печатане на вестници,1811
191,18.12,1812,Печатане на други издания и печатни продукти,1812
192,18.13,1813,Предпечатна подготовка,1813
193,18.14,1814,Подвързване и подобни дейности свързани с печатането,1814
194,18.2,182,Възпроизвеждане на записани носители,182
195,18.20,1820,Възпроизвеждане на записани носители,1820
196,19,19,Производство на кокс и рафинирани нефтопродукти,19
197,19.1,191,Производство на кокс и продукти на коксуването,191
198,19.10,1910,Производство на кокс и продукти на коксуването,1910
199,19.2,192,Производство на рафинирани нефтопродукти и брикети от въглища и торф,192
200,19.20,1920,Производство на рафинирани нефтопродукти и брикети от въглища и торф,1920
201,20,20,Производство на химични продукти,20
202,20.1,201,Производство на основни химични вещества,201
203,20.11,2011,Производство на промишлени газове,2011
204,20.12,2012,Производство на багрила и пигменти,2012
205,20.13,2013,Производство на други основни неорганични химични вещества,2013
206,20.14,2014,Производство на други основни органични химични вещества,2014
207,20.15,2015,Производство на азотни съединения и торове,2015
208,20.16,2016,Производство на полимери в първични форми,2016
209,20.17,2017,Производство на синтетичен каучук в първични форми,2017
210,20.2,202,Производство на пестициди и други агрохимикали,202
211,20.20,2020,Производство на пестициди и други агрохимикали,2020
212,20.3,203,Производство на бои лакове и подобни продукти печатарско мастило и китове,203
213,20.30,2030,Производство на бои лакове и подобни продукти печатарско мастило и китове,2030
214,20.4,204,Производство на почистващи миещи тоалетни и козметични препарати,204
215,20.41,2041,Производство на сапун миещи почистващи и полиращи препарати,2041
216,20.42,2042,Производство на парфюми и тоалетни продукти,2042
217,20.5,205,Производство на други химични продукти,205
218,20.51,2051,Производство на експлозиви,2051
219,20.52,2052,Производство на лепила,2052
220,20.53,2053,Производство на етерични масла,2053
221,20.59,2059,Производство на други химични продукти некласифицирани другаде,2059
222,20.6,206,Производство на изкуствени и синтетични влакна,206
223,20.60,2060,Производство на изкуствени и синтетични влакна,2060
224,21,21,Производство на лекарствени вещества и продукти,21
225,21.1,211,Производство на лекарствени вещества,211
226,21.10,2110,Производство на лекарствени вещества,2110
227,21.2,212,Производство на лекарствени продукти,212
228,21.20,2120,Производство на лекарствени продукти,2120
229,22,22,Производство на изделия от каучук и пластмаси,22
230,22.1,221,Производство на изделия от каучук,221
231,22.11,2211,Производство на външни и вътрешни гуми регенериране на пневматични гуми,2211
232,22.19,2219,Производство на други изделия от каучук,2219
233,22.2,222,Производство на изделия от пластмаси,222
234,22.21,2221,Производство на листове плочи тръби и профили от пластмаси,2221
235,22.22,2222,Производство на опаковки от пластмаси,2222
236,22.23,2223,Производство на дограма и други изделия от пластмаси за строителството,2223
237,22.29,2229,Производство на други изделия от пластмаси,2229
238,23,23,Производство на изделия от други неметални минерални суровини,23
239,23.1,231,Производство на стъкло и изделия от стъкло,231
240,23.11,2311,Производство на необработено плоско стъкло,2311
241,23.12,2312,Формуване и обработване на плоско стъкло,2312
242,23.13,2313,Производство на опаковки и домакинско стъкло,2313
243,23.14,2314,Производство на стъклени влакна,2314
244,23.19,2319,Производство и обработване на други изделия от стъкло вкл. за техническа употреба,2319
636,49.50,4950,Тръбопроводен транспорт,4950
245,23.2,232,Производство на огнеупорни изделия,232
246,23.20,2320,Производство на огнеупорни изделия,2320
247,23.3,233,Производство на керамични изделия за строителството,233
248,23.31,2331,Производство на керамични плочки,2331
249,23.32,2332,Производство на тухли керемиди и други изделия от печена глина за строителството,2332
250,23.4,234,Производство на други порцеланови и керамични изделия,234
251,23.41,2341,Производство на домакински порцелан декоративни изделия от порцелан и други керамични материали,2341
252,23.42,2342,Производство на санитарна керамика,2342
253,23.43,2343,Производство на керамични изолатори,2343
254,23.44,2344,Производство на друга техническа керамика,2344
255,23.49,2349,Производство на други керамични изделия некласифицирани другаде,2349
256,23.5,235,Производство на цимент вар и гипс,235
257,23.51,2351,Производство на цимент,2351
258,23.52,2352,Производство на вар и гипс,2352
259,23.6,236,Производство на изделия от бетон гипс и цимент,236
260,23.61,2361,Производство на изделия от бетон за строителството,2361
261,23.62,2362,Производство на изделия от гипс за строителството,2362
262,23.63,2363,Производство на готови бетонови смеси,2363
263,23.64,2364,Производство на неогнеупорни строителни разтвори,2364
264,23.65,2365,Производство на влакнесто циментови изделия,2365
265,23.69,2369,Производство на други изделия от бетон гипс и цимент,2369
266,23.7,237,Рязане профилиране и обработване на строителни и декоративни скални материали,237
267,23.70,2370,Рязане профилиране и обработване на строителни и декоративни скални материали,2370
268,23.9,239,Производство на изделия от други неметални минерали,239
269,23.91,2391,Производство на абразивни изделия,2391
270,23.99,2399,Производство на изделия от други неметални минерали некласифицирани другаде,2399
271,24,24,Производство на основни метали,24
272,24.1,241,Производство на чугун стомана и феросплави,241
273,24.10,2410,Производство на чугун стомана и феросплави,2410
274,24.2,242,Производство на тръби кухи профили и фитинги за тях от стомана,242
275,24.20,2420,Производство на тръби кухи профили и фитинги за тях от стомана,2420
276,24.3,243,Производство на други продукти при първичната преработка на стомана,243
277,24.31,2431,Студено изтегляне на пръти,2431
278,24.32,2432,Студено валцуване на тесни ленти,2432
279,24.33,2433,Студено формуване или прегъване на продукти от стомана,2433
280,24.34,2434,Студено изтегляне на тел,2434
281,24.4,244,Производство на основни благородни и други цветни метали,244
282,24.41,2441,Производство на благородни метали,2441
283,24.42,2442,Производство на алуминий,2442
284,24.43,2443,Производство на олово цинк калай,2443
285,24.44,2444,Производство на мед,2444
286,24.45,2445,Производство на други цветни метали,2445
287,24.46,2446,Преработка на ядрено гориво,2446
288,24.5,245,Леене на метали,245
289,24.51,2451,Леене на чугун,2451
290,24.52,2452,Леене на стомана,2452
291,24.53,2453,Леене на леки метали,2453
292,24.54,2454,Леене на други метали,2454
293,25,25,Производство на метални изделия без машини и оборудване,25
294,25.1,251,Производство на метални изделия за строителството,251
295,25.11,2511,Производство на метални конструкции и части от тях,2511
296,25.12,2512,Производство на метална дограма,2512
297,25.2,252,Производство на котли за централно отопление и радиатори с неелектрическо загряване производство на цистерн,252
298,25.21,2521,Производство на котли за централно отопление и радиатори с неелектрическо загряване,2521
299,25.29,2529,Производство на цистерни резервоари и контейнери от метал,2529
300,25.3,253,Производство на парни котли без котли за централно отопление,253
301,25.30,2530,Производство на парни котли без котли за централно отопление,2530
302,25.4,254,Производство на въоръжение и боеприпаси,254
303,25.40,2540,Производство на въоръжение и боеприпаси,2540
637,50,50,Воден транспорт,50
304,25.5,255,Коване щамповане и валцуване на метал прахова металургия,255
305,25.50,2550,Коване щамповане и валцуване на метал прахова металургия,2550
306,25.6,256,Друго металообработване,256
307,25.61,2561,Повърхностно обработване и нанасяне на покритие върху метал,2561
308,25.62,2562,Механично обработване на метал,2562
309,25.7,257,Производство на кухненски прибори инструменти и железария,257
310,25.71,2571,Производство на кухненски прибори и ножарски изделия,2571
311,25.72,2572,Производство на строителен и мебелен обков,2572
312,25.73,2573,Производство на сечива и инструменти за ръчна работа,2573
313,25.9,259,Производство на други метални изделия,259
314,25.91,2591,Производство на варели и подобни съдове от стомана,2591
315,25.92,2592,Производство на леки опаковки от метал,2592
316,25.93,2593,Производство на изделия от тел вериги и пружини,2593
317,25.94,2594,Производство на свързващи елементи,2594
318,25.99,2599,Производство на други метални изделия некласифицирани другаде,2599
319,26,26,Производство на компютърна и комуникационна техника електронни и оптични продукти,26
320,26.1,261,Производство на електронни елементи и печатни платки,261
321,26.11,2611,Производство на електронни елементи,2611
322,26.12,2612,Производство на монтирани печатни платки,2612
323,26.2,262,Производство на компютърна техника,262
324,26.20,2620,Производство на компютърна техника,2620
325,26.3,263,Производство на радио  телевизионна и далекосъобщителна техника,263
326,26.30,2630,Производство на радио  телевизионна и далекосъобщителна техника,2630
327,26.4,264,Производство на битова електроника,264
328,26.40,2640,Производство на битова електроника,2640
329,26.5,265,Производство на уреди и апарати за измерване изпитване и навигация производство на часовници,265
330,26.51,2651,Производство на уреди и апарати за измерване изпитване и навигация,2651
331,26.52,2652,Производство на часовници и часовникови механизми,2652
332,26.6,266,Производство на излъчващи електромедицински и терапевтични апарати,266
333,26.60,2660,Производство на излъчващи електромедицински и терапевтични апарати,2660
334,26.7,267,Производство на оптични уреди и елементи и фотографска техника,267
335,26.70,2670,Производство на оптични уреди и елементи и фотографска техника,2670
336,26.8,268,Производство на магнитни и оптични носители незаписани,268
337,26.80,2680,Производство на магнитни и оптични носители незаписани,2680
338,27,27,Производство на електрически съоръжения,27
339,27.1,271,Производство на електрически двигатели генератори и  трансформатори и апарати за управление и разпределение,271
340,27.11,2711,Производство на електрически двигатели генератори и трансформатори,2711
341,27.12,2712,Производство на апарати за управление и разпределение на електрическа енергия,2712
342,27.2,272,Производство на акумулаторни батерии и акумулатори,272
343,27.20,2720,Производство на акумулаторни батерии и акумулатори,2720
344,27.3,273,Производство на изолирани проводници и електроинсталационни изделия,273
345,27.31,2731,Производство на кабели от оптични влакна,2731
346,27.32,2732,Производство на други електрически и електронни проводници и кабели,2732
347,27.33,2733,Производство на електроинсталационни изделия,2733
348,27.4,274,Производство на лампи и осветители,274
349,27.40,2740,Производство на лампи и осветители,2740
350,27.5,275,Производство на битови уреди,275
351,27.51,2751,Производство на битови електроуреди,2751
352,27.52,2752,Производство на неелектрически битови уреди,2752
353,27.9,279,Производство на други електрически съоръжения,279
354,27.90,2790,Производство на други електрически съоръжения,2790
355,28,28,Производство на машини и оборудване с общо и специално предназначение,28
356,28.1,281,Производство на машини с общо предназначение,281
357,28.11,2811,Производство на турбини и двигатели без авиационни автомобилни и мотоциклетни,2811
358,28.12,2812,Производство на хидравлични помпи хидравлични и пневматични двигатели,2812
359,28.13,2813,Производство на други помпи и компресори,2813
360,28.14,2814,Производство на арматурни изделия,2814
361,28.15,2815,Производство на лагери предавки и съединители,2815
362,28.2,282,Производство на други машини с общо предназначение,282
363,28.21,2821,Производство на пещи и горелки,2821
364,28.22,2822,Производство на подемно транспортни машини,2822
365,28.23,2823,Производство на офис техника без компютърната,2823
366,28.24,2824,Производство на преносими инструменти с вграден двигател,2824
367,28.25,2825,Производство на промишлено хладилно и вентилационно оборудване,2825
368,28.29,2829,Производство на други машини с общо предназначение некласифицирани другаде,2829
369,28.3,283,Производство на машини за селското и горското стопанство,283
370,28.30,2830,Производство на машини за селското и горското стопанство,2830
371,28.4,284,Производство на обработващи машини,284
372,28.41,2841,Производство на машини за обработка на метал,2841
373,28.49,2849,Производство на други обработващи машини,2849
374,28.9,289,Производство на други машини със специално предназначение,289
375,28.91,2891,Производство на машини и оборудване за металургията и леярството,2891
376,28.92,2892,Производство на машини за добива и строителството,2892
377,28.93,2893,Производство на машини и оборудване за преработка на храни напитки и тютюн,2893
378,28.94,2894,Производство на машини за текстил облекло кожи и кожени изделия,2894
379,28.95,2895,Производство на машини за  хартия картон и изделия от хартия и картон,2895
380,28.96,2896,Производство на машини за каучук или пластмаси,2896
381,28.99,2899,Производство на други машини със специално предназначение некласифицирани другаде,2899
382,29,29,Производство на автомобили ремаркета и полуремаркета,29
383,29.1,291,Производство на автомобили и техните двигатели,291
384,29.10,2910,Производство на автомобили и техните двигатели,2910
385,29.2,292,Производство на купета и каросерии за автомобили производство на ремаркета и полуремаркета,292
386,29.20,2920,Производство на купета и каросерии за автомобили производство на ремаркета и полуремаркета,2920
387,29.3,293,Производство на части и принадлежности за автомобили,293
388,29.31,2931,Производство на електронни и електрически части и устройства за автомобили,2931
389,29.32,2932,Производство на други части и принадлежности за автомобили,2932
390,30,30,Производство на превозни средства без автомобили,30
391,30.1,301,Строителство на плавателни съдове,301
392,30.11,3011,Строителство на плавателни съдове без тези за отдих,3011
393,30.12,3012,Строителство на плавателни съдове за отдих,3012
394,30.2,302,Производство на локомотиви мотриси и вагони,302
395,30.20,3020,Производство на локомотиви мотриси и вагони,3020
396,30.3,303,Производство на въздухоплавателни и космически средства и техните двигатели,303
397,30.30,3030,Производство на въздухоплавателни и космически средства и техните двигатели,3030
398,30.4,304,Производство на бойни бронирани транспортни машини,304
399,30.40,3040,Производство на бойни бронирани транспортни машини,3040
400,30.9,309,Производство на други превозни средства,309
401,30.91,3091,Производство на мотоциклети и техните двигатели,3091
402,30.92,3092,Производство на велосипеди и инвалидни колички,3092
403,30.99,3099,Производство на други превозни средства некласифицирани другаде,3099
404,31,31,Производство на мебели,31
405,31.0,310,Производство на мебели,310
406,31.01,3101,Производство на мебели за офиси и магазини,3101
407,31.02,3102,Производство на кухненски мебели,3102
408,31.03,3103,Производство на матраци и дюшеци,3103
409,31.09,3109,Производство на други мебели,3109
410,32,32,Производство некласифицирано другаде,32
411,32.1,321,Производство на бижута и подобни изделия,321
412,32.11,3211,Сечене на монети,3211
413,32.12,3212,Производство на бижутерийни и подобни изделия от благородни метали,3212
414,32.13,3213,Производство на бижута имитация,3213
415,32.2,322,Производство на музикални инструменти,322
416,32.20,3220,Производство на музикални инструменти,3220
417,32.3,323,Производство на спортни стоки,323
418,32.30,3230,Производство на спортни стоки,3230
419,32.4,324,Производство на игри и детски играчки,324
420,32.40,3240,Производство на игри и детски играчки,3240
421,32.5,325,Производство на медицински и зъболекарски инструменти и средства,325
422,32.50,3250,Производство на медицински и зъболекарски инструменти и средства,3250
423,32.9,329,Разнообразни производства некласифицирани другаде,329
424,32.91,3291,Производство на метли и четки,3291
425,32.99,3299,Други разнообразни производства некласифицирани другаде,3299
426,33,33,Ремонт и инсталиране на машини и оборудване,33
427,33.1,331,Ремонт на метални изделия машини и оборудване,331
428,33.11,3311,Ремонт на метални изделия,3311
429,33.12,3312,Ремонт на машини и оборудване с общо и специално предназначение,3312
430,33.13,3313,Ремонт на електронни и оптични уреди и апарати,3313
431,33.14,3314,Ремонт на електрически съоръжения,3314
432,33.15,3315,Ремонт и поддържане на плавателни съдове,3315
433,33.16,3316,Ремонт и поддържане на въздухоплавателни и космически средства,3316
434,33.17,3317,Ремонт и поддържане на други превозни средства,3317
435,33.19,3319,Ремонт на друго оборудване,3319
436,33.2,332,Инсталиране на машини и оборудване,332
437,33.20,3320,Инсталиране на машини и оборудване,3320
438,D,D,ПРОИЗВОДСТВО И РАЗПРЕДЕЛЕНИЕ НА ЕЛЕКТРИЧЕСКА И ТОПЛИННА ЕНЕРГИЯ И НА ГАЗООБРАЗНИ ГОРИВА,0
439,35,35,Производство и разпределение на електрическа и топлинна енергия и на газообразни горива,35
440,35.1,351,Производство пренос и разпределение на електрическа енергия,351
441,35.11,3511,Производство на електрическа енергия,3511
442,35.12,3512,Пренос на електрическа енергия,3512
443,35.13,3513,Разпределение на електрическа енергия,3513
444,35.14,3514,Търговия с електрическа енергия,3514
445,35.2,352,Производство и разпределение на газообразни горива по газоразпределителните мрежи,352
446,35.21,3521,Производство на газообразни горива,3521
447,35.22,3522,Разпределение на газообразни горива по газоразпределителните мрежи,3522
448,35.23,3523,Търговия с газообразни горива по газоразпределителните мрежи,3523
449,35.3,353,Производство и разпределение на топлинна енергия,353
450,35.30,3530,Производство и разпределение на топлинна енергия,3530
451,E,E,ДОСТАВЯНЕ НА ВОДИ КАНАЛИЗАЦИОННИ УСЛУГИ УПРАВЛЕНИЕ НА ОТПАДЪЦИ И ВЪЗСТАНОВЯВАНЕ,0
452,36,36,Събиране пречистване и доставяне на води,36
453,36.0,360,Събиране пречистване и доставяне на води,360
454,36.00,3600,Събиране пречистване и доставяне на води,3600
455,37,37,Събиране отвеждане и пречистване на отпадъчни води,37
456,37.0,370,Събиране отвеждане и пречистване на отпадъчни води,370
457,37.00,3700,Събиране отвеждане и пречистване на отпадъчни води,3700
458,38,38,Събиране и обезвреждане на отпадъци рециклиране на материали,38
459,38.1,381,Събиране на отпадъци,381
460,38.11,3811,Събиране на неопасни отпадъци,3811
461,38.12,3812,Събиране на опасни отпадъци,3812
462,38.2,382,Обработване и обезвреждане на отпадъци,382
463,38.21,3821,Обработване и обезвреждане на неопасни отпадъци,3821
464,38.22,3822,Обработване и обезвреждане на опасни отпадъци,3822
465,38.3,383,Рециклиране на материали,383
466,38.31,3831,Разкомплектоване на отпадъци,3831
467,38.32,3832,Рециклиране на сортирани отпадъци,3832
468,39,39,Възстановяване и други услуги по управление на отпадъци,39
469,39.0,390,Възстановяване и други услуги по управление на отпадъци,390
470,39.00,3900,Възстановяване и други услуги по управление на отпадъци,3900
471,F,F,СТРОИТЕЛСТВО,0
472,41,41,Строителство на сгради,41
473,41.1,411,Дейности по реализиране на инвестиционни проекти за сгради,411
474,41.10,4110,Дейности по реализиране на инвестиционни проекти за сгради,4110
475,41.2,412,Строителство на жилищни и нежилищни сгради,412
476,41.20,4120,Строителство на жилищни и нежилищни сгради,4120
477,42,42,Строителство на съоръжения,42
478,42.1,421,Строителство на пътища вкл. релсови,421
479,42.11,4211,Строителство на автомагистрали пътища и самолетни писти,4211
480,42.12,4212,Строителство на подземни и надземни релсови пътища,4212
481,42.13,4213,Строителство на мостове и тунели,4213
482,42.2,422,Строителство на преносни и разпределителни проводи и мрежи,422
483,42.21,4221,Строителство на преносни и разпределителни тръбопроводи,4221
484,42.22,4222,Строителство на преносни и разпределителни електрически и далекосъобщителни мрежи,4222
485,42.9,429,Строителство на други съоръжения,429
486,42.91,4291,Строителство на хидротехнически съоръжения,4291
487,42.99,4299,Строителство на други съоръжения некласифицирани другаде,4299
488,43,43,Специализирани строителни дейности,43
489,43.1,431,Разчистване и подготовка на строителната площадка,431
490,43.11,4311,Събаряне и разрушаване,4311
491,43.12,4312,Земни работи,4312
492,43.13,4313,Сондиране и пробиване,4313
493,43.2,432,Изграждане на инсталации,432
494,43.21,4321,Изграждане на електрически инсталации,4321
495,43.22,4322,Изграждане на водопроводни канализационни отоплителни и климатични инсталации,4322
496,43.29,4329,Изграждане на други инсталации,4329
497,43.3,433,Довършителни строителни дейности,433
498,43.31,4331,Полагане на мазилки,4331
499,43.32,4332,Монтаж на дограма и дърводелски работи,4332
500,43.33,4333,Полагане на облицовки и настилки,4333
501,43.34,4334,Боядисване и стъклопоставяне,4334
502,43.39,4339,Други довършителни строителни дейности,4339
503,43.9,439,Други специализирани строителни дейности,439
504,43.91,4391,Покривни работи,4391
505,43.99,4399,Други специализирани строителни дейности некласифицирани другаде,4399
506,G,G,ТЪРГОВИЯ РЕМОНТ НА АВТОМОБИЛИ И МОТОЦИКЛЕТИ,0
507,45,45,Търговия на едро и дребно с автомобили и мотоциклети техническо обслужване и ремонт,45
508,45.1,451,Търговия с автомобили,451
509,45.11,4511,Търговия с леки и лекотоварни автомобили до 3.5 т,4511
510,45.19,4519,Търговия с други автомобили над 3.5 т,4519
511,45.2,452,Техническо обслужване и ремонт на автомобили,452
512,45.20,4520,Техническо обслужване и ремонт на автомобили,4520
513,45.3,453,Търговия с части и принадлежности за автомобили,453
514,45.31,4531,Търговия на едро с части и принадлежности за автомобили,4531
515,45.32,4532,Търговия на дребно с части и принадлежности за автомобили,4532
516,45.4,454,Търговия с мотоциклети и с части за тях техническо обслужване и ремонт на мотоциклети,454
517,45.40,4540,Търговия с мотоциклети и с части за тях техническо обслужване и ремонт на мотоциклети,4540
518,46,46,Търговия на едро без търговията с автомобили и мотоциклети,46
519,46.1,461,Търговия на едро чрез посредничество,461
520,46.11,4611,Търговско посредничество със селскостопански суровини живи животни текстилни суровини и полуфабрикати,4611
521,46.12,4612,Търговско посредничество с горива руди метали и химични продукти,4612
522,46.13,4613,Търговско посредничество с дървен материал и материали за строителството,4613
523,46.14,4614,Търговско посредничество с машини промишлено оборудване кораби и самолети,4614
524,46.15,4615,Търговско посредничество с мебели стоки за бита железария и метални изделия,4615
525,46.16,4616,Търговско посредничество с текстил облекло обувки и кожени изделия,4616
526,46.17,4617,Търговско посредничество с хранителни стоки напитки и тютюневи изделия,4617
527,46.18,4618,Специализирано търговско посредничество с други групи стоки,4618
528,46.19,4619,Неспециализирано търговско посредничество с разнообразни стоки,4619
580,47.21,4721,Търговия на дребно с плодове и зеленчуци,4721
529,46.2,462,ърговия на едро със селскостопански суровини и живи животни,462
530,46.21,4621,Търговия на едро със зърно семена фуражи и необработен тютюн,4621
531,46.22,4622,Търговия на едро с цветя и растения,4622
532,46.23,4623,Търговия на едро с живи животни,4623
533,46.24,4624,Търговия на едро със сурови и обработени кожи,4624
534,46.3,463,Търговия на едро с хранителни стоки напитки и тютюневи изделия,463
535,46.31,4631,Търговия на едро с плодове и зеленчуци,4631
536,46.32,4632,Търговия на едро с месо и месни продукти,4632
537,46.33,4633,Търговия на едро с мляко и млечни продукти яйца хранителни масла и мазнини,4633
538,46.34,4634,Търговия на едро с напитки,4634
539,46.35,4635,Търговия на едро с тютюневи изделия,4635
540,46.36,4636,Търговия на едро със захар захарни и шоколадови изделия,4636
541,46.37,4637,Търговия на едро с кафе чай какао и подправки,4637
542,46.38,4638,Специализирана търговия на едро с други хранителни стоки,4638
543,46.39,4639,Неспециализирана търговия на едро с хранителни стоки напитки и тютюневи изделия,4639
544,46.4,464,Търговия на едро с нехранителни потребителски стоки,464
545,46.41,4641,Търговия на едро с текстил и галантерийни стоки,4641
546,46.42,4642,Търговия на едро с облекло и обувки,4642
547,46.43,4643,Търговия на едро с битова електроника и електроуреди,4643
548,46.44,4644,Търговия на едро с порцеланови и стъкларски изделия и почистващи препарати,4644
549,46.45,4645,Търговия на едро с парфюмерийни и козметични стоки,4645
550,46.46,4646,Търговия на едро с фармацевтични стоки медицинска техника и апаратура,4646
551,46.47,4647,Търговия на едро с мебели килими и осветители,4647
552,46.48,4648,Търговия на едро с часовници и бижутерия,4648
553,46.49,4649,Търговия на едро с други нехранителни потребителски стоки,4649
554,46.5,465,Търговия на едро с компютърна и комуникационна техника,465
555,46.51,4651,Търговия на едро с компютри периферни устройства за тях и програмни продукти,4651
556,46.52,4652,Търговия на едро с електронни елементи и комуникационна техника,4652
557,46.6,466,Търговия на едро с други машини и оборудване със стопанско предназначение и части за тях,466
558,46.61,4661,Търговия на едро с машини и обрудване за селското и горското стопанство и части за тях,4661
559,46.62,4662,Търговия на едро с обработващи машини и части за тях,4662
560,46.63,4663,Търговия на едро с машини и оборудване за добива и строителството и части за тях,4663
561,46.64,4664,Търговия на едро с машини за производство на текстил облекло и кожени изделия и части за тях,4664
562,46.65,4665,Търговия на едро с офис мебели,4665
563,46.66,4666,Търговия на едро с друга офис техника без компютри,4666
564,46.69,4669,Търговия на едро с други машини и оборудване със стопанско предназначение некласифицирана другаде и части з,4669
565,46.7,467,Търговия на едро с неселскостопански междинни продукти отпадъци и скрап,467
566,46.71,4671,Търговия на едро с твърди течни и газообразни горива и подобни продукти,4671
567,46.72,4672,Търговия на едро с метали и руди,4672
568,46.73,4673,Търговия на едро с дървен материал материали за строителството и санитарно оборудване,4673
569,46.74,4674,Търговия на едро с железария и арматурни изделия,4674
570,46.75,4675,Търговия на едро с химични вещества и продукти,4675
571,46.76,4676,Специализирана търговия на едро с други междинни продукти,4676
572,46.77,4677,Търговия на едро с отпадъци и скрап,4677
573,46.9,469,Неспециализирана търговия на едро,469
574,46.90,4690,Неспециализирана търговия на едро,4690
575,47,47,Търговия на дребно без търговията с автомобили и мотоциклети,47
576,47.1,471,Търговия на дребно в неспециализирани магазини,471
577,47.11,4711,Търговия на дребно в неспециализирани магазини предимно с хранителни стоки напитки и тютюневи изделия,4711
578,47.19,4719,Търговия на дребно в неспециализирани магазини с разнообразни стоки,4719
579,47.2,472,Търговия на дребно в специализирани магазини с хранителни стоки напитки и тютюневи изделия,472
581,47.22,4722,Търговия на дребно с месо и месни продукти,4722
582,47.23,4723,Търговия на дребно с риба и други морски храни,4723
583,47.24,4724,Търговия на дребно с хляб хлебни захарни и сладкарски изделия,4724
584,47.25,4725,Търговия на дребно с напитки,4725
585,47.26,4726,Търговия на дребно с тютюневи изделия,4726
586,47.29,4729,Търговия на дребно с други хранителни стоки,4729
587,47.3,473,Търговия на дребно с автомобилни горива и смазочни материали,473
588,47.30,4730,Търговия на дребно с автомобилни горива и смазочни материали,4730
589,47.4,474,Търговия на дребно в специализирани магазини с компютърна и комуникационна техника и битова електроника,474
590,47.41,4741,Търговия на дребно с компютри периферни устройства за тях и програмни продукти,4741
591,47.42,4742,Търговия на дребно с телефонни апарати и други устройства за далекосъобщения,4742
592,47.43,4743,Търговия на дребно с битова електроника,4743
593,47.5,475,Търговия на дребно в специализирани магазини с текстил железария стоки за обзавеждане и битови електроуред,475
594,47.51,4751,Търговия на дребно с текстил и галантерийни стоки,4751
595,47.52,4752,Търговия на дребно с железария бои и плоско стъкло,4752
596,47.53,4753,Търговия на дребно с тапети килими и други стенни и подови покрития,4753
597,47.54,4754,Търговия на дребно с битови електроуреди,4754
598,47.59,4759,Търговия на дребно с мебели осветители и с други стоки за бита некласифицирани другаде,4759
599,47.6,476,Търговия на дребно в специализирани магазини със стоки предназначени за свободното време,476
600,47.61,4761,Търговия на дребно с книги,4761
601,47.62,4762,Търговия на дребно с вестници и канцеларски стоки,4762
602,47.63,4763,Търговия на дребно с аудио и видео записи,4763
603,47.64,4764,Търговия на дребно със спортни стоки,4764
604,47.65,4765,Търговия на дребно с игри и играчки,4765
605,47.7,477,Търговия на дребно в специализирани магазини с други нехранителни стоки,477
606,47.71,4771,Търговия на дребно с облекло,4771
607,47.72,4772,Търговия на дребно с обувки и кожени изделия,4772
608,47.73,4773,Търговия на дребно с лекарства и други фармацевтични стоки,4773
609,47.74,4774,Търговия на дребно с медицински и ортопедични стоки,4774
610,47.75,4775,Търговия на дребно с парфюмерийни и козметични стоки и тоалетни принадлежности,4775
611,47.76,4776,Търговия на дребно с цветя растения семена торове домашни любимци и храни за тях,4776
612,47.77,4777,Търговия на дребно с часовници и бижутерия,4777
613,47.78,4778,Търговия на дребно с други нехранителни стоки некласифицирана другаде,4778
614,47.79,4779,Търговия на дребно в магазини с употребявани стоки,4779
615,47.8,478,Търговия на дребно на открити щандове и пазари,478
616,47.81,4781,Търговия на дребно на открити щандове и пазари с хранителни стоки напитки и тютюневи изделия,4781
617,47.82,4782,Търговия на дребно на открити щандове и пазари с текстил облекло и обувки,4782
618,47.89,4789,Търговия на дребно на открити щандове и пазари с други стоки,4789
619,47.9,479,Търговия на дребно извън търговски обекти,479
620,47.91,4791,Търговия на дребно чрез поръчки по пощата телефона или Интернет,4791
621,47.99,4799,Търговия на дребно извън търговски обекти некласифицирана другаде,4799
622,H,H,ТРАНСПОРТ СКЛАДИРАНЕ И ПОЩИ,0
623,49,49,Сухопътен транспорт,49
624,49.1,491,Пътнически железопътен транспорт междуселищен,491
625,49.10,4910,Пътнически железопътен транспорт междуселищен,4910
626,49.2,492,Товарен железопътен транспорт,492
627,49.20,4920,Товарен железопътен транспорт,4920
628,49.3,493,Друг пътнически сухопътен транспорт,493
629,49.31,4931,Пътнически градски и крайградски транспорт,4931
630,49.32,4932,Пътнически таксиметров транспорт,4932
631,49.39,4939,Друг пътнически сухопътен транспорт некласифициран другаде,4939
632,49.4,494,Товарен автомобилен транспорт  и услуги по преместване,494
633,49.41,4941,Товарен автомобилен транспорт,4941
634,49.42,4942,Услуги по преместване,4942
638,50.1,501,Пътнически морски и крайбрежен транспорт,501
639,50.10,5010,Пътнически морски и крайбрежен транспорт,5010
640,50.2,502,Товарен морски и крайбрежен транспорт,502
641,50.20,5020,Товарен морски и крайбрежен транспорт,5020
642,50.3,503,Пътнически транспорт по вътрешни водни пътища,503
643,50.30,5030,Пътнически транспорт по вътрешни водни пътища,5030
644,50.4,504,Товарен транспорт по вътрешни водни пътища,504
645,50.40,5040,Товарен транспорт по вътрешни водни пътища,5040
646,51,51,Въздушен транспорт,51
647,51.1,511,Пътнически въздушен транспорт,511
648,51.10,5110,Пътнически въздушен транспорт,5110
649,51.2,512,Товарен въздушен транспорт космически транспорт,512
650,51.21,5121,Товарен въздушен транспорт,5121
651,51.22,5122,Космически транспорт,5122
652,52,52,Складиране на товари и спомагателни дейности в транспорта,52
653,52.1,521,Складиране и съхраняване на товари,521
654,52.10,5210,Складиране и съхраняване на товари,5210
655,52.2,522,Спомагателни дейности в транспорта,522
656,52.21,5221,Експлоатация на инфраструктурата в сухопътния транспорт,5221
657,52.22,5222,Спомагателни дейности във водния транспорт,5222
658,52.23,5223,Спомагателни дейности във въздушния транспорт,5223
659,52.24,5224,Обработка на товари,5224
660,52.29,5229,Други спомагателни дейности в транспорта,5229
661,53,53,Пощенски и куриерски дейности,53
662,53.1,531,Дейност на пощи предоставящи универсална пощенска услуга,531
663,53.10,5310,Дейност на пощи предоставящи универсална пощенска услуга,5310
664,53.2,532,Други пощенски и куриерски дейности,532
665,53.20,5320,Други пощенски и куриерски дейности,5320
666,I,I,ХОТЕЛИЕРСТВО И РЕСТОРАНТЬОРСТВО,0
667,55,55,Хотелиерство,55
668,55.1,551,Хотели и подобни места за настаняване,551
669,55.10,5510,Хотели и подобни места за настаняване,5510
670,55.2,552,Туристическо и друго краткосрочно настаняване,552
671,55.20,5520,Туристическо и друго краткосрочно настаняване,5520
672,55.3,553,Къмпинги и терени за каравани и къмпинг автомобили,553
673,55.30,5530,Къмпинги и терени за каравани и къмпинг автомобили,5530
674,55.9,559,Други места за настаняване,559
675,55.90,5590,Други места за настаняване,5590
676,56,56,Ресторантьорство,56
677,56.1,561,Дейност на ресторанти и заведения за бързо обслужване,561
678,56.10,5610,Дейност на ресторанти и заведения за бързо обслужване,5610
679,56.2,562,Приготвяне и доставяне на храна,562
680,56.21,5621,Приготвяне и доставяне на храна по конкретен повод,5621
681,56.29,5629,Други дейности по приготвяне и доставяне на храна,5629
682,56.3,563,Дейност на питейни заведения,563
683,56.30,5630,Дейност на питейни заведения,5630
684,J,J,СЪЗДАВАНЕ И РАЗПРОСТРАНЕНИЕ НА ИНФОРМАЦИЯ И ТВОРЧЕСКИ ПРОДУКТИ ДАЛЕКОСЪОБЩЕНИЯ,0
685,58,58,Издателска дейност,58
686,58.1,581,Издаване на книги периодични издания и друга издателска дейност,581
687,58.11,5811,Издаване на книги,5811
688,58.12,5812,Издаване на указатели справочници и адресни списъци,5812
689,58.13,5813,Издаване на вестници,5813
690,58.14,5814,Издаване на списания и други периодични издания,5814
691,58.19,5819,Друга издателска дейност,5819
692,58.2,582,Издаване на програмни продукти,582
693,58.21,5821,Издаване на компютърни игри,5821
694,58.29,5829,Издаване на други програмни продукти,5829
695,59,59,Производство на филми и телевизионни предавания звукозаписване и издаване на музика,59
696,59.1,591,Производство и  разпространение на филми и телевизионни предавания,591
697,59.11,5911,Производство на филми и телевизионни предавания,5911
698,59.12,5912,Технически дейности свързани с производство на филми и телевизионни предавания постпродукция,5912
699,59.13,5913,Разпространение на филми и телевизионни предавания,5913
700,59.14,5914,Прожектиране на филми,5914
701,59.2,592,Звукозаписване и издаване на музика,592
702,59.20,5920,Звукозаписване и издаване на музика,5920
703,60,60,Радио и телевизионна дейност,60
704,60.1,601,Създаване и излъчване на радиопрограми,601
705,60.10,6010,Създаване и излъчване на радиопрограми,6010
706,60.2,602,Създаване и излъчване на телевизионни програми,602
707,60.20,6020,Създаване и излъчване на телевизионни програми,6020
708,61,61,Далекосъобщения,61
709,61.1,611,Далекосъобщителна дейност чрез фиксирани мрежи,611
710,61.10,6110,Далекосъобщителна дейност чрез фиксирани мрежи,6110
711,61.2,612,Далекосъобщителна дейност по безжичен път,612
712,61.20,6120,Далекосъобщителна дейност по безжичен път,6120
713,61.3,613,Спътникова далекосъобщителна дейност,613
714,61.30,6130,Спътникова далекосъобщителна дейност,6130
715,61.9,619,Други далекосъобщителни дейности,619
716,61.90,6190,Други далекосъобщителни дейности,6190
717,62,62,Дейности в областта на информационните технологии,62
718,62.0,620,Дейности в областта на информационните технологии,620
719,62.01,6201,Компютърно програмиране,6201
720,62.02,6202,Консултантска дейност по информационни технологии,6202
721,62.03,6203,Управление и обслужване на компютърни средства и системи,6203
722,62.09,6209,Други дейности в областта на информационните технологии,6209
723,63,63,Информационни услуги,63
724,63.1,631,Обработка на данни хостинг и подобни дейности  портали,631
725,63.11,6311,Обработка на данни хостинг и подобни дейности,6311
726,63.12,6312, портали,6312
727,63.9,639,Други информационни услуги,639
728,63.91,6391,Дейност на информационни агенции,6391
729,63.99,6399,Други информационни услуги некласифицирани другаде,6399
730,K,K,ФИНАНСОВИ И ЗАСТРАХОВАТЕЛНИ ДЕЙНОСТИ,0
731,64,64,Предоставяне на финансови услуги без застраховане и допълнително пенсионно осигуряване,64
732,64.1,641,Парично посредничество,641
733,64.11,6411,Дейност на централната банка,6411
734,64.19,6419,Друго парично посредничество,6419
735,64.2,642,Дейност на холдингови дружества,642
736,64.20,6420,Дейност на холдингови дружества,6420
737,64.3,643,Фондове за инвестиране и подобни финансови субекти,643
738,64.30,6430,Фондове за инвестиране и подобни финансови субекти,6430
739,64.9,649,Предоставяне на други финансови услуги без застраховане и допълнително пенсионно осигуряване,649
740,64.91,6491,Финансов лизинг,6491
741,64.92,6492,Други форми на предоставяне на кредит,6492
742,64.99,6499,Предоставяне на други финансови услуги без застраховане и допълнително пенсионно осигуряване некласифицира,6499
743,65,65,Застраховане презастраховане и допълнително пенсионно осигуряване,65
744,65.1,651,Застраховане,651
745,65.11,6511,Животозастраховане,6511
746,65.12,6512,Друго застраховане без животозастраховане,6512
747,65.2,652,Презастраховане,652
748,65.20,6520,Презастраховане,6520
749,65.3,653,Допълнително пенсионно осигуряване,653
750,65.30,6530,Допълнително пенсионно осигуряване,6530
751,66,66,Спомагателни дейности във финансовите услуги и застраховането,66
752,66.1,661,Спомагателни дейности във финансовите услуги без застраховане и допълнително пенсионно осигуряване,661
753,66.11,6611,Управление на финансови пазари,6611
754,66.12,6612,Посредническа дейност по сделки с ценни книжа и стоки,6612
755,66.19,6619,Други спомагателни дейности във финансовите услуги без застраховане и допълнително пенсионно осигуряване,6619
756,66.2,662,Спомагателни дейности в застраховането и допълнителното пенсионно осигуряване,662
757,66.21,6621,Оценяване на застрахователни рискове и щети,6621
758,66.22,6622,Дейности на застрахователни брокери и агенти,6622
759,66.29,6629,Други спомагателни дейности в застраховането и допълнителното пенсионно осигуряване,6629
760,66.3,663,Управление на фондове,663
761,66.30,6630,Управление на фондове,6630
762,L,L,ОПЕРАЦИИ С НЕДВИЖИМИ ИМОТИ,0
763,68,68,Операции с недвижими имоти,68
764,68.1,681,Покупка и продажба на собствени недвижими имоти,681
765,68.10,6810,Покупка и продажба на собствени недвижими имоти,6810
766,68.2,682,Даване под наем и експлоатация на собствени недвижими имоти,682
767,68.20,6820,Даване под наем и експлоатация на собствени недвижими имоти,6820
768,68.3,683,Посредническа дейност по операции с недвижими имоти,683
769,68.31,6831,Дейност на агенции за недвижими имоти,6831
770,68.32,6832,Управление на недвижими имоти,6832
771,M,M,ПРОФЕСИОНАЛНИ ДЕЙНОСТИ И НАУЧНИ ИЗСЛЕДВАНИЯ,0
772,69,69,Юридически и счетоводни дейности,69
773,69.1,691,Юридически дейности,691
774,69.10,6910,Юридически дейности,6910
775,69.2,692,Счетоводни и одиторски дейности данъчни консултации,692
776,69.20,6920,Счетоводни и одиторски дейности данъчни консултации,6920
777,70,70,Дейност на централни офиси консултантски дейности в областта на управлението,70
778,70.1,701,Дейност на централни офиси,701
779,70.10,7010,Дейност на централни офиси,7010
780,70.2,702,Консултантски дейности в областта на управлението,702
781,70.21,7021,Консултантска дейност по връзки с обществеността,7021
782,70.22,7022,Консултантска дейност по стопанско и друго управление,7022
783,71,71,Архитектурни и инженерни дейности технически изпитвания и анализи,71
784,71.1,711,Архитектурни и инженерни дейности,711
785,71.11,7111,Архитектурни дейности,7111
786,71.12,7112,Инженерни дейности и технически консултации,7112
787,71.2,712,Технически изпитвания и анализи,712
788,71.20,7120,Технически изпитвания и анализи,7120
789,72,72,Научноизследователска и развойна дейност,72
790,72.1,721,Научноизследователска и развойна дейност в областта на естествените медицинските селскостопанските и техни,721
791,72.11,7211,Научноизследователска и развойна дейност в областта на биотехнологиите,7211
792,72.19,7219,Научноизследователска и развойна дейност в областта на естествените медицинските селскостопанските и техни,7219
793,72.2,722,Научноизследователска и развойна дейност в областта на обществените и хуманитарните науки,722
794,72.20,7220,Научноизследователска и развойна дейност в областта на обществените и хуманитарните науки,7220
795,73,73,Рекламна дейност и проучване на пазари,73
796,73.1,731,Рекламна дейност,731
797,73.11,7311,Дейност на рекламни агенции,7311
798,73.12,7312,Дейности по продажба на медийно време и място за реклама,7312
799,73.2,732,Проучване на пазари и изследване на общественото мнение,732
800,73.20,7320,Проучване на пазари и изследване на общественото мнение,7320
801,74,74,Други професионални дейности,74
802,74.1,741,Специализирани дейности в областта на дизайна,741
803,74.10,7410,Специализирани дейности в областта на дизайна,7410
804,74.2,742,Дейности в областта на фотографията,742
805,74.20,7420,Дейности в областта на фотографията,7420
806,74.3,743,Преводаческа дейност,743
807,74.30,7430,Преводаческа дейност,7430
808,74.9,749,Други професионални дейности некласифицирани другаде,749
809,74.90,7490,Други професионални дейности некласифицирани другаде,7490
810,75,75,Ветеринарномедицинска дейност,75
811,75.0,750,Ветеринарномедицинска дейност,750
812,75.00,7500,Ветеринарномедицинска дейност,7500
813,N,N,АДМИНИСТРАТИВНИ И СПОМАГАТЕЛНИ ДЕЙНОСТИ,0
814,77,77,Даване под наем и оперативен лизинг,77
815,77.1,771,Даване под наем и оперативен лизинг на автомобили,771
816,77.11,7711,Даване под наем и оперативен лизинг на леки и лекотоварни автомобили без водач,7711
817,77.12,7712,Даване под наем и оперативен лизинг на тежкотоварни автомобили без водач,7712
818,77.2,772,Даване под наем и оперативен лизинг на лични и домакински вещи,772
819,77.21,7721,Даване под наем и оперативен лизинг на оборудване и екипировка за спорт и развлечения,7721
820,77.22,7722,Даване под наем на видеокасети и дискове,7722
821,77.29,7729,Даване под наем и оперативен лизинг на други лични и домакински вещи,7729
937,91,91,Други дейности в областта на културата,91
822,77.3,773,Даване под наем и оперативен лизинг на други машини и оборудване със стопанско предназначение,773
823,77.31,7731,Даване под наем и оперативен лизинг на машини и оборудване за селското и горско стопанство без оператор,7731
824,77.32,7732,Даване под наем и оперативен лизинг на машини и оборудване за строителството без оператор,7732
825,77.33,7733,Даване под наем и оперативен лизинг на офис мебели и техника вкл. компютри без оператор,7733
826,77.34,7734,Даване под наем и оперативен лизинг на плавателни съдове без екипаж,7734
827,77.35,7735,Даване под наем и оперативен лизинг на въздухоплавателни средства без екипаж,7735
828,77.39,7739,Даване под наем и оперативен лизинг на други машини и оборудване със стопанско предназначение некласифицира,7739
829,77.4,774,Оперативен лизинг на интелектуална собственост и сходни продукти без обектите на авторско право,774
830,77.40,7740,Оперативен лизинг на интелектуална собственост и сходни продукти без обектите на авторско право,7740
831,78,78,Дейности по наемане и предоставяне на работна сила,78
832,78.1,781,Посредническа дейност на агенции по наемане на работа,781
833,78.10,7810,Посредническа дейност на агенции по наемане на работа,7810
834,78.2,782,Предоставяне на работна сила за временна заетост,782
835,78.20,7820,Предоставяне на работна сила за временна заетост,7820
836,78.3,783,Други дейности по предоставяне на работна сила,783
837,78.30,7830,Други дейности по предоставяне на работна сила,7830
838,79,79,Туристическа агентска и операторска дейност други дейности свързани с пътувания и резервации,79
839,79.1,791,Туристическа агентска и операторска дейност,791
840,79.11,7911,Туристическа агентска дейност,7911
841,79.12,7912,Туроператорска дейност,7912
842,79.9,799,Други дейности свързани с пътувания и резервации,799
843,79.90,7990,Други дейности свързани с пътувания и резервации,7990
844,80,80,Дейности по охрана и разследване,80
845,80.1,801,Частна охранителна дейност без използване на технически системи за сигурност,801
846,80.10,8010,Частна охранителна дейност без използване на технически системи за сигурност,8010
847,80.2,802,Дейности в областта на технически системи за сигурност,802
848,80.20,8020,Дейности в областта на технически системи за сигурност,8020
849,80.3,803,Дейности по разследване и издирване,803
850,80.30,8030,Дейности по разследване и издирване,8030
851,81,81,Дейности по обслужване на сгради и озеленяване,81
852,81.1,811,Комплексно обслужване на сгради,811
853,81.10,8110,Комплексно обслужване на сгради,8110
854,81.2,812,Дейности по почистване,812
855,81.21,8121,Неспециализирано вътрешно почистване на сгради,8121
856,81.22,8122,Специализирано почистване на сгради и промишлени обекти,8122
857,81.29,8129,Други дейности по почистване,8129
858,81.3,813,Оформяне и поддържане на озеленени площи,813
859,81.30,8130,Оформяне и поддържане на озеленени площи,8130
860,82,82,Административни офис дейности и друго спомагателно обслужване на стопанската дейност,82
861,82.1,821,Административни и спомагателни офис дейности,821
862,82.11,8211,Комбинирани административни офис дейности,8211
863,82.19,8219,Размножаване изготвяне на документи и други специализирани помощни офис дейности,8219
864,82.2,822,Дейност на телефонни центрове за услуги,822
865,82.20,8220,Дейност на телефонни центрове за услуги,8220
866,82.3,823,Организиране на конгреси и търговски изложения,823
867,82.30,8230,Организиране на конгреси и търговски изложения,8230
868,82.9,829,Спомагателно обслужване на стопанската дейност некласифицирано другаде,829
869,82.91,8291,Дейности по събиране на парични вземания и на финансова информация,8291
870,82.92,8292,Дейности по опаковане и пакетиране,8292
871,82.99,8299,Друго спомагателно обслужване на стопанската дейност некласифицирано другаде,8299
872,O,O,ДЪРЖАВНО УПРАВЛЕНИЕ,0
873,84,84,Държавно управление,84
874,84.1,841,Държавно управление с общ икономически и социален характер,841
875,84.11,8411,Общофункционално управление на държавата на централно и местно равнище,8411
876,84.12,8412,Държавно управление в областта на здравеопазването образованието и други социални дейности,8412
877,84.13,8413,Държавно управление в областта на стопанската дейност,8413
878,84.2,842,Услуги на държавното управление за обществото като цяло,842
879,84.21,8421,Външни работи,8421
880,84.22,8422,Отбрана,8422
881,84.23,8423,Правосъдие,8423
882,84.24,8424,Обществен ред и сигурност,8424
883,84.25,8425,Пожарна безопасност и защита при бедствия,8425
884,84.3,843,Държавно обществено осигуряване,843
885,84.30,8430,Държавно обществено осигуряване,8430
886,P,P,ОБРАЗОВАНИЕ,0
887,85,85,Образование,85
888,85.1,851,Предучилищно образование,851
889,85.10,8510,Предучилищно образование,8510
890,85.2,852,Начално образование първи етап на основното образование,852
891,85.20,8520,Начално образование първи етап на основното образование,8520
892,85.3,853,Прогимназиално втори етап на основното образование и средно образование,853
893,85.31,8531,Прогимназиално и средно общо образование,8531
894,85.32,8532,Прогимназиално и средно професионално образование и обучение,8532
895,85.4,854,Образование след завършено средно образование,854
896,85.41,8541,Професионално обучение след средно образование но не висше,8541
897,85.42,8542,Висше образование,8542
898,85.5,855,Други образователни дейности,855
899,85.51,8551,Неформално обучение в областта на спорта и активния отдих,8551
900,85.52,8552,Неформално обучение в областта на културата,8552
901,85.53,8553,Обучение на водачи на превозни средства,8553
902,85.59,8559,Други образователни дейности некласифицирани другаде,8559
903,85.6,856,Спомагателни дейности в областта на образованието,856
904,85.60,8560,Спомагателни дейности в областта на образованието,8560
905,Q,Q,ХУМАННО ЗДРАВЕОПАЗВАНЕ И СОЦИАЛНА РАБОТА,0
906,86,86,Хуманно здравеопазване,86
907,86.1,861,Дейност на болници,861
908,86.10,8610,Дейност на болници,8610
909,86.2,862,Извънболнична лекарска практика,862
910,86.21,8621,Дейност на общопрактикуващи лекари,8621
911,86.22,8622,Дейност на лекари специалисти,8622
912,86.23,8623,Дейност на лекари по дентална медицина,8623
913,86.9,869,Други дейности по хуманно здравеопазване,869
914,86.90,8690,Други дейности по хуманно здравеопазване,8690
915,87,87,Медико социални грижи с настаняване,87
916,87.1,871,Дейност на заведения със здравни грижи,871
917,87.10,8710,Дейност на заведения със здравни грижи,8710
918,87.2,872,Социални грижи с настаняване за лица с умствена изостаналост психичноболни и зависими от наркотици,872
919,87.20,8720,Социални грижи с настаняване за лица с умствена изостаналост психичноболни и зависими от наркотици,8720
920,87.3,873,Социални грижи с настаняване за възрастни лица и хора с физически увреждания,873
921,87.30,8730,Социални грижи с настаняване за възрастни лица и хора с физически увреждания,8730
922,87.9,879,Други социални грижи с настаняване,879
923,87.90,8790,Други социални грижи с настаняване,8790
924,88,88,Социална работа без настаняване,88
925,88.1,881,Социална работа без настаняване за възрастни лица и хора с увреждания,881
926,88.10,8810,Социална работа без настаняване за възрастни лица и хора с увреждания,8810
927,88.9,889,Друга социална работа без настаняване,889
928,88.91,8891,Дневни грижи за малки деца,8891
929,88.99,8899,Друга социална работа без настаняване некласифицирана другаде,8899
930,R,R,КУЛТУРА СПОРТ И РАЗВЛЕЧЕНИЯ,0
931,90,90,Артистична и творческа дейност,90
932,90.0,900,Артистична и творческа дейност,900
933,90.01,9001,Изпълнителско изкуство,9001
934,90.02,9002,Спомагателни дейности свързани с изпълнителско изкуство,9002
935,90.03,9003,Творческа дейност в областта на литературата и изкуствата,9003
936,90.04,9004,Експлоатация на зали за представления,9004
938,91.0,910,Други дейности в областта на културата,910
939,91.01,9101,Дейност на библиотеки и архиви,9101
940,91.02,9102,Дейност на музеи,9102
941,91.03,9103,Опазване и стопанисване на културно исторически паметници и места,9103
942,91.04,9104,Дейност на ботанически и зоологически градини природни паркове и резервати,9104
943,92,92,Организиране на хазартни игри,92
944,92.0,920,Организиране на хазартни игри,920
945,92.00,9200,Организиране на хазартни игри,9200
946,93,93,Спортни и други дейности свързани с развлечения и отдих,93
947,93.1,931,Дейности в областта на спорта,931
948,93.11,9311,Експлоатация на спортни обекти и съоръжения,9311
949,93.12,9312,Дейност на спортни клубове,9312
950,93.13,9313,Дейност на фитнес центрове и зали,9313
951,93.19,9319,Други дейности в областта на спорта,9319
952,93.2,932,Дейности свързани с развлечения и отдих,932
953,93.21,9321,Дейност на увеселителни и тематични паркове,9321
954,93.29,9329,Други дейности свързани с развлечения и отдих,9329
955,S,S,ДРУГИ ДЕЙНОСТИ,0
956,94,94,Дейности на организации с нестопанска цел,94
957,94.1,941,Дейност на бизнес организации организации на работодатели и професионални организации,941
958,94.11,9411,Дейност на бизнес организации и организации на работодатели,9411
959,94.12,9412,Дейност на професионални организации,9412
960,94.2,942,Дейност на синдикални организации,942
961,94.20,9420,Дейност на синдикални организации,9420
962,94.9,949,Дейност на други организации с нестопанска цел,949
963,94.91,9491,Дейност на религиозни организации,9491
964,94.92,9492,Дейност на политически организации,9492
965,94.99,9499,Дейност на други организации с нестопанска цел некласифицирани другаде,9499
966,95,95,Ремонт на компютърна техника на лични и домакински вещи,95
967,95.1,951,Ремонт на компютърна и комуникационна техника,951
968,95.11,9511,Ремонт на компютри и периферни устройства за тях,9511
969,95.12,9512,Ремонт на телефонни апарати и други устройства за далекосъобщения,9512
970,95.2,952,Ремонт на лични и домакински вещи,952
971,95.21,9521,Ремонт на битова електроника,9521
972,95.22,9522,Ремонт на битови електроуреди и друго оборудване за дома и градината,9522
973,95.23,9523,Поправка на обувки и кожени изделия,9523
974,95.24,9524,Ремонт на мебели и предмети за обзавеждане,9524
975,95.25,9525,Ремонт на часовници и бижута,9525
976,95.29,9529,Ремонт на  други лични и домакински вещи,9529
977,96,96,Други персонални услуги,96
978,96.0,960,Други персонални услуги,960
979,96.01,9601,Пране и химическо чистене,9601
980,96.02,9602,Фризьорски и козметични услуги,9602
981,96.03,9603,Организиране на погребения и свързани с тях услуги,9603
982,96.04,9604,Поддържане на добро физическо състояние,9604
983,96.09,9609,Други персонални услуги некласифицирани другаде,9609
984,T,T,ДЕЙНОСТИ НА ДОМАКИНСТВА КАТО РАБОТОДАТЕЛИ НЕДИФЕРЕНЦИРАНИ ДЕЙНОСТИ НА ДОМАКИНСТВА ПО ПРОИЗВОДСТВО НА СТОКИ,0
985,97,97,Дейности на домакинства като работодатели на домашен персонал,97
986,97.0,970,Дейности на домакинства като работодатели на домашен персонал,970
987,97.00,9700,Дейности на домакинства като работодатели на домашен персонал,9700
988,98,98,Недиференцирани дейности на домакинства по производство на стоки и услуги за собствено потребление,98
989,98.1,981,Недиференцирани дейности на домакинства по производство на стоки за собствено потребление,981
990,98.10,9810,Недиференцирани дейности на домакинства по производство на стоки за собствено потребление,9810
991,98.2,982,Недиференцирани дейности на домакинства по производство на услуги за собствено потребление,982
992,98.20,9820,Недиференцирани дейности на домакинства по производство на услуги за собствено потребление,9820
993,U,U,ДЕЙНОСТИ НА ЕКСТЕРИТОРИАЛНИ ОРГАНИЗАЦИИ И СЛУЖБИ,0
994,99,99,Дейности на екстериториални организации и служби,99
995,99.0,990,Дейности на екстериториални организации и служби,990
996,99.00,9900,Дейности на екстериториални организации и служби,9900
997,0,0,Спомагателна дейност,0
